{
    "bleu": 6.381047987345758e-06,
    "rogue-l": [
        0.06432748538011697,
        0.08165548098434003,
        0.06647887323943662,
        0.06211180124223603,
        0.0984984984984985,
        0.06978119455943228,
        0.07394957983193277,
        0.07072463768115941,
        0.06755260243632337,
        0.05847255369928401,
        0.08165752589884216,
        0.07646356033452809,
        0.057579318448883664,
        0.08010171646535283,
        0.07865168539325842,
        0.06829268292682927,
        0.07033248081841433,
        0.08358208955223881,
        0.06543723973825105,
        0.06876111440426792,
        0.06290801186943622,
        0.06741573033707865,
        0.06497341996455995,
        0.0885264997087944,
        0.08372641509433962,
        0.05103857566765579,
        0.0689245395127748,
        0.058723884810841336,
        0.06813186813186814,
        0.08685446009389672,
        0.0675596971461852,
        0.07614781634938411,
        0.06666666666666665,
        0.0819277108433735,
        0.07335243553008597,
        0.07507002801120448,
        0.09391304347826086,
        0.07470288624787776,
        0.08015028177833437,
        0.07301768397033657,
        0.06700738216922203,
        0.08581644815256258,
        0.09935710111046173,
        0.07551487414187644,
        0.06520450503852994,
        0.06543723973825104,
        0.07910271546635184,
        0.05820721769499418,
        0.09539656128674433,
        0.07368421052631578,
        0.06381620931716656,
        0.06514285714285714,
        0.08841634023503078,
        0.09648127128263338,
        0.05724098454493418,
        0.06791171477079797,
        0.09174311926605504,
        0.07630057803468208,
        0.06563039723661485,
        0.06264236902050113
    ],
    "self-bleu": 11.647283467854658,
    "repetition": [
        0.9574468085106383,
        0.8645833333333334,
        0.7938144329896908,
        0.8958333333333334,
        0.8790322580645161,
        0.9473684210526316,
        0.90625,
        0.8367346938775511,
        0.8181818181818181,
        0.8210526315789474,
        0.8842105263157894,
        0.851063829787234,
        0.8712871287128713,
        0.8526315789473684,
        0.9361702127659575,
        0.6666666666666667,
        0.7228915662650602,
        0.7363636363636363,
        0.6788990825688073,
        0.7241379310344828,
        0.7623762376237624,
        0.7964601769911505,
        0.8476190476190476,
        0.6890756302521008,
        0.9761904761904762,
        0.9428571428571428,
        0.7272727272727273,
        0.9108910891089109,
        0.8415841584158416,
        0.9099099099099099,
        0.8041237113402062,
        0.8611111111111112,
        0.7604166666666666,
        0.9468085106382979,
        0.7636363636363637,
        0.6886792452830188,
        0.8230088495575221,
        0.6545454545454545,
        0.9239130434782609,
        0.7407407407407407,
        0.81,
        0.9042553191489362,
        0.9596774193548387,
        0.8210526315789474,
        0.7684210526315789,
        0.7448979591836735,
        0.7731958762886598,
        0.6486486486486487,
        0.9761904761904762,
        0.8842105263157894,
        0.625,
        0.8214285714285714,
        0.7647058823529411,
        0.9444444444444444,
        0.9326923076923077,
        0.9680851063829787,
        0.888,
        0.7636363636363637,
        0.7019230769230769,
        0.8200000000000001
    ],
    "D1": [
        0.041666666666666664,
        0.09183673469387756,
        0.1414141414141414,
        0.08163265306122448,
        0.10317460317460317,
        0.05154639175257732,
        0.07142857142857142,
        0.12,
        0.15555555555555556,
        0.12371134020618557,
        0.09278350515463918,
        0.08333333333333333,
        0.08737864077669903,
        0.09278350515463918,
        0.0625,
        0.21428571428571427,
        0.1411764705882353,
        0.125,
        0.16216216216216217,
        0.16853932584269662,
        0.13592233009708737,
        0.13043478260869565,
        0.11214953271028037,
        0.1652892561983471,
        0.0234375,
        0.056074766355140186,
        0.15841584158415842,
        0.06796116504854369,
        0.13592233009708737,
        0.08849557522123894,
        0.13131313131313133,
        0.1,
        0.16326530612244897,
        0.052083333333333336,
        0.15178571428571427,
        0.18518518518518517,
        0.1391304347826087,
        0.21428571428571427,
        0.05319148936170213,
        0.13636363636363635,
        0.10784313725490197,
        0.08333333333333333,
        0.03968253968253968,
        0.13402061855670103,
        0.17525773195876287,
        0.16,
        0.1717171717171717,
        0.19736842105263158,
        0.0234375,
        0.08247422680412371,
        0.21951219512195122,
        0.12790697674418605,
        0.1487603305785124,
        0.0390625,
        0.0660377358490566,
        0.03125,
        0.09448818897637795,
        0.13392857142857142,
        0.16981132075471697,
        0.13725490196078433
    ],
    "D2": [
        0.042105263157894736,
        0.1134020618556701,
        0.1836734693877551,
        0.09278350515463918,
        0.112,
        0.052083333333333336,
        0.08247422680412371,
        0.1414141414141414,
        0.16853932584269662,
        0.15625,
        0.10416666666666667,
        0.11578947368421053,
        0.10784313725490197,
        0.125,
        0.06315789473684211,
        0.27835051546391754,
        0.21428571428571427,
        0.1981981981981982,
        0.23636363636363636,
        0.22727272727272727,
        0.19607843137254902,
        0.16666666666666666,
        0.1320754716981132,
        0.24166666666666667,
        0.023622047244094488,
        0.05660377358490566,
        0.22,
        0.0784313725490196,
        0.14705882352941177,
        0.08928571428571429,
        0.17346938775510204,
        0.11926605504587157,
        0.21649484536082475,
        0.05263157894736842,
        0.1981981981981982,
        0.2616822429906542,
        0.15789473684210525,
        0.2882882882882883,
        0.06451612903225806,
        0.1926605504587156,
        0.1485148514851485,
        0.09473684210526316,
        0.04,
        0.16666666666666666,
        0.20833333333333334,
        0.2222222222222222,
        0.21428571428571427,
        0.28,
        0.023622047244094488,
        0.10416666666666667,
        0.30864197530864196,
        0.15294117647058825,
        0.19166666666666668,
        0.047244094488188976,
        0.06666666666666667,
        0.031578947368421054,
        0.10317460317460317,
        0.1891891891891892,
        0.23809523809523808,
        0.15841584158415842
    ]
}