{
    "bleu": 9.794781789606e-07,
    "rogue-l": [
        0.05227882037533512,
        0.030769230769230774,
        0.036685641998734975,
        0.06957621758380772,
        0.056737588652482275,
        0.07662835249042146,
        0.037429819089207735,
        0.07798742138364781,
        0.04217252396166134,
        0.048748353096179184,
        0.040735873850197106,
        0.05204944697462589,
        0.029023746701846962,
        0.026281208935611033,
        0.07552083333333334,
        0.04984025559105432,
        0.07291011942174733,
        0.05618729096989967,
        0.05889884763124199,
        0.03887399463806971,
        0.031168831168831172,
        0.08596373404969779,
        0.04489795918367347,
        0.040973111395646605,
        0.03930131004366812,
        0.05405405405405405,
        0.050836120401337795,
        0.06215469613259669,
        0.049247606019151846,
        0.03358992302309308,
        0.07296416938110749,
        0.0557142857142857,
        0.05874840357598979,
        0.050599201065246346,
        0.05027932960893855,
        0.042436687200547565,
        0.05622489959839358,
        0.04884488448844884,
        0.058252427184466014,
        0.06189821182943605,
        0.03480589022757697,
        0.08000000000000002,
        0.05695364238410597,
        0.045112781954887216,
        0.07142857142857142,
        0.06998654104979811,
        0.06753246753246753,
        0.03513174404015056,
        0.06387921022067364,
        0.07971445568114219,
        0.07882882882882881,
        0.07635327635327635,
        0.08067226890756303,
        0.08488964346349745,
        0.07801017524024874,
        0.07542857142857143,
        0.07312826465467208,
        0.06166375799883654,
        0.06731317741015402,
        0.06300114547537228
    ],
    "self-bleu": 6.600472188237891,
    "repetition": [
        0.6133333333333333,
        0.9090909090909091,
        0.5641025641025641,
        0.8303571428571428,
        0.7922077922077921,
        0.7964601769911505,
        0.42622950819672134,
        0.8272727272727273,
        0.75,
        0.7857142857142857,
        0.8163265306122449,
        0.6493506493506493,
        0.6857142857142857,
        0.575,
        0.8018018018018018,
        0.7763157894736842,
        0.9122807017543859,
        0.7,
        0.9047619047619048,
        0.8529411764705882,
        0.8913043478260869,
        0.7610619469026548,
        0.7592592592592593,
        0.7580645161290323,
        0.7159090909090908,
        0.8991596638655462,
        0.8064516129032258,
        0.609375,
        0.8859649122807017,
        0.8529411764705882,
        0.8,
        0.7045454545454546,
        0.8172043010752688,
        0.7,
        0.8363636363636364,
        0.8490566037735849,
        0.7719298245614035,
        0.5272727272727273,
        0.8020833333333334,
        0.7142857142857143,
        0.8529411764705882,
        0.8611111111111112,
        0.6727272727272727,
        0.6599999999999999,
        0.897196261682243,
        0.8738738738738738,
        0.7954545454545454,
        0.3555555555555555,
        0.3137254901960784,
        0.7575757575757576,
        0.7876106194690266,
        0.6194690265486726,
        0.6576576576576576,
        0.6052631578947368,
        0.6732673267326732,
        0.6396396396396397,
        0.3669724770642202,
        0.8020833333333334,
        0.6320754716981132,
        0.28846153846153844
    ],
    "D1": [
        0.2857142857142857,
        0.08571428571428572,
        0.3902439024390244,
        0.11403508771929824,
        0.1518987341772152,
        0.1391304347826087,
        0.38095238095238093,
        0.11607142857142858,
        0.17073170731707318,
        0.20689655172413793,
        0.17647058823529413,
        0.3037974683544304,
        0.24324324324324326,
        0.35714285714285715,
        0.1504424778761062,
        0.1794871794871795,
        0.08620689655172414,
        0.25,
        0.07476635514018691,
        0.1388888888888889,
        0.10416666666666667,
        0.14782608695652175,
        0.19642857142857142,
        0.203125,
        0.16666666666666666,
        0.08264462809917356,
        0.15625,
        0.30303030303030304,
        0.09482758620689655,
        0.1388888888888889,
        0.16071428571428573,
        0.2391304347826087,
        0.16842105263157894,
        0.25,
        0.15789473684210525,
        0.14545454545454545,
        0.1864406779661017,
        0.3684210526315789,
        0.14285714285714285,
        0.20253164556962025,
        0.1388888888888889,
        0.08181818181818182,
        0.2807017543859649,
        0.28846153846153844,
        0.08256880733944955,
        0.10619469026548672,
        0.13333333333333333,
        0.48936170212765956,
        0.4230769230769231,
        0.16831683168316833,
        0.1565217391304348,
        0.21739130434782608,
        0.22123893805309736,
        0.23275862068965517,
        0.20388349514563106,
        0.21238938053097345,
        0.3963963963963964,
        0.14285714285714285,
        0.24074074074074073,
        0.39622641509433965
    ],
    "D2": [
        0.34210526315789475,
        0.08823529411764706,
        0.425,
        0.1415929203539823,
        0.1794871794871795,
        0.17543859649122806,
        0.5,
        0.15315315315315314,
        0.20987654320987653,
        0.21052631578947367,
        0.18,
        0.3333333333333333,
        0.2777777777777778,
        0.3902439024390244,
        0.1875,
        0.2077922077922078,
        0.08695652173913043,
        0.27450980392156865,
        0.08490566037735849,
        0.14285714285714285,
        0.10638297872340426,
        0.20175438596491227,
        0.21818181818181817,
        0.2222222222222222,
        0.23595505617977527,
        0.09166666666666666,
        0.1746031746031746,
        0.35384615384615387,
        0.10434782608695652,
        0.14285714285714285,
        0.1891891891891892,
        0.26666666666666666,
        0.18085106382978725,
        0.27450980392156865,
        0.16071428571428573,
        0.14814814814814814,
        0.20689655172413793,
        0.42857142857142855,
        0.17525773195876287,
        0.24358974358974358,
        0.14285714285714285,
        0.11009174311926606,
        0.30357142857142855,
        0.3137254901960784,
        0.09259259259259259,
        0.11607142857142858,
        0.1797752808988764,
        0.5869565217391305,
        0.6116504854368932,
        0.22,
        0.19298245614035087,
        0.32456140350877194,
        0.30357142857142855,
        0.33043478260869563,
        0.28431372549019607,
        0.30357142857142855,
        0.5454545454545454,
        0.17525773195876287,
        0.32710280373831774,
        0.6095238095238096
    ]
}