{
    "bleu": 0.008599216116616763,
    "rogue-l": [
        0.07122668174109667,
        0.05388069275176395,
        0.07715491259795056,
        0.08201892744479496,
        0.10698198198198197,
        0.10894495412844037,
        0.08984615384615384,
        0.11522633744855967,
        0.07741116751269037,
        0.08005082592121983,
        0.08338158656629993,
        0.07520435967302452,
        0.1193565127140633,
        0.11239495798319328,
        0.11046817464492374,
        0.1360978203083466,
        0.08893594494441504,
        0.08719646799116998,
        0.0845959595959596,
        0.1100811123986095,
        0.08109719737626714,
        0.08031088082901554,
        0.11352657004830918,
        0.11431742508324085,
        0.10863350485991996,
        0.09419873635841469,
        0.07219402143260012,
        0.08239700374531836,
        0.09710856519367157,
        0.12440191387559807,
        0.0956937799043062,
        0.07436399217221136,
        0.11772151898734179,
        0.10951621477937268,
        0.08439306358381503,
        0.11452810180275717,
        0.12810155799192155,
        0.05632115038945476,
        0.07759699624530664,
        0.09219422249539029,
        0.06842737094837936,
        0.056220095693779906,
        0.0653505786249149,
        0.11771844660194174,
        0.07832545577312627,
        0.06394557823129252,
        0.06686567164179104,
        0.08300170551449687,
        0.06173558532323821,
        0.07995296884185774,
        0.07495315427857589,
        0.08949416342412453,
        0.10099667774086378,
        0.10745466756212224,
        0.09499999999999999,
        0.10052219321148825,
        0.0610079575596817,
        0.06688102893890675,
        0.0707482993197279,
        0.11407766990291264
    ],
    "self-bleu": 0.8246145473499308,
    "repetition": [
        0.7911392405063291,
        0.8031496062992126,
        0.7806122448979592,
        0.88125,
        0.9409448818897638,
        0.9212598425196851,
        0.8208955223880597,
        0.905511811023622,
        0.8260869565217391,
        0.8556149732620321,
        0.8695652173913043,
        0.9803149606299213,
        0.9488188976377953,
        0.9212598425196851,
        0.8932806324110671,
        0.9094488188976378,
        0.9094488188976378,
        0.7536945812807881,
        0.8888888888888888,
        0.9409448818897638,
        0.9317269076305221,
        0.8102189781021898,
        0.8851674641148325,
        0.8503937007874016,
        0.9094488188976378,
        0.9488188976377953,
        0.9645669291338582,
        0.8818897637795275,
        0.8490566037735849,
        0.9015748031496063,
        0.9212598425196851,
        0.825503355704698,
        0.9518072289156626,
        0.9173228346456693,
        0.8527918781725888,
        0.9212598425196851,
        0.8617886178861789,
        0.875,
        0.8810810810810811,
        0.9803149606299213,
        0.6280193236714976,
        0.8515625,
        0.8466666666666667,
        0.9606299212598425,
        0.7515151515151515,
        0.8529411764705882,
        0.7487179487179487,
        0.9724409448818898,
        0.8531468531468531,
        0.8622047244094488,
        0.8934010152284264,
        0.819672131147541,
        0.8333333333333334,
        0.7594339622641509,
        0.9488188976377953,
        0.8223350253807107,
        0.8217054263565892,
        0.8717948717948718,
        0.8211920529801324,
        0.9285714285714286
    ],
    "D1": [
        0.14375,
        0.14728682170542637,
        0.1414141414141414,
        0.08641975308641975,
        0.03515625,
        0.07421875,
        0.12315270935960591,
        0.0703125,
        0.12365591397849462,
        0.08465608465608465,
        0.09090909090909091,
        0.01953125,
        0.04296875,
        0.0546875,
        0.07450980392156863,
        0.0546875,
        0.05078125,
        0.11219512195121951,
        0.08,
        0.0546875,
        0.06374501992031872,
        0.11510791366906475,
        0.06635071090047394,
        0.09375,
        0.0625,
        0.046875,
        0.03515625,
        0.08984375,
        0.09345794392523364,
        0.06640625,
        0.04296875,
        0.11920529801324503,
        0.0398406374501992,
        0.0625,
        0.10050251256281408,
        0.05078125,
        0.07258064516129033,
        0.06451612903225806,
        0.0855614973262032,
        0.01953125,
        0.19138755980861244,
        0.09230769230769231,
        0.11842105263157894,
        0.03515625,
        0.16167664670658682,
        0.09302325581395349,
        0.15228426395939088,
        0.02734375,
        0.09655172413793103,
        0.0859375,
        0.07537688442211055,
        0.10810810810810811,
        0.095,
        0.13551401869158877,
        0.0390625,
        0.10050251256281408,
        0.13740458015267176,
        0.0949367088607595,
        0.12418300653594772,
        0.05309734513274336
    ],
    "D2": [
        0.1949685534591195,
        0.1796875,
        0.19796954314720813,
        0.11180124223602485,
        0.047058823529411764,
        0.0784313725490196,
        0.16831683168316833,
        0.08235294117647059,
        0.16216216216216217,
        0.1276595744680851,
        0.11538461538461539,
        0.0196078431372549,
        0.050980392156862744,
        0.07058823529411765,
        0.09448818897637795,
        0.0784313725490196,
        0.07450980392156863,
        0.19117647058823528,
        0.10050251256281408,
        0.058823529411764705,
        0.068,
        0.17391304347826086,
        0.1,
        0.13333333333333333,
        0.08235294117647059,
        0.050980392156862744,
        0.03529411764705882,
        0.11372549019607843,
        0.1267605633802817,
        0.08627450980392157,
        0.058823529411764705,
        0.15333333333333332,
        0.044,
        0.07450980392156863,
        0.13131313131313133,
        0.07058823529411765,
        0.11336032388663968,
        0.10270270270270271,
        0.10752688172043011,
        0.0196078431372549,
        0.3173076923076923,
        0.13178294573643412,
        0.1456953642384106,
        0.0392156862745098,
        0.2289156626506024,
        0.1286549707602339,
        0.22448979591836735,
        0.027450980392156862,
        0.1388888888888889,
        0.11764705882352941,
        0.09595959595959595,
        0.15760869565217392,
        0.135678391959799,
        0.22065727699530516,
        0.047058823529411764,
        0.15151515151515152,
        0.16923076923076924,
        0.12101910828025478,
        0.16447368421052633,
        0.06666666666666667
    ]
}